name,brand,model,price_dh,tags,images
CARTIER PONTER (230dh),CARTIER,PONTER,230,,CARTIER PONTER (230dh) - 01.webp | CARTIER PONTER (230dh) - 02.webp | CARTIER PONTER (230dh) - 03.webp | CARTIER PONTER (230dh) - 04.webp
BOSS CHRONOGRAPHE V2 (290dh),BOSS,CHRONOGRAPHE,290,CHRONOGRAPHE,BOSS CHRONOGRAPHE V2 (290dh) - 01.webp | BOSS CHRONOGRAPHE V2 (290dh) - 02.webp
BOSS CLASSIC (200dh),BOSS,CLASSIC,200,,BOSS CLASSIC (200dh) - 01.webp | BOSS CLASSIC (200dh) - 02.webp | BOSS CLASSIC (200dh) - 03.webp | BOSS CLASSIC (200dh) - 04.webp
BVLGARI CLASSIC (190dh),BVLGARI,CLASSIC,190,,BVLGARI CLASSIC (190dh) - 01.webp | BVLGARI CLASSIC (190dh) - 02.webp | BVLGARI CLASSIC (190dh) - 03.webp | BVLGARI CLASSIC (190dh) - 04.webp | BVLGARI CLASSIC (190dh) - 05.webp
CARTIER CLASSIC (220dh),CARTIER,CLASSIC,220,,CARTIER CLASSIC (220dh) - 01.webp | CARTIER CLASSIC (220dh) - 02.webp | CARTIER CLASSIC (220dh) - 03.webp | CARTIER CLASSIC (220dh) - 04.webp | CARTIER CLASSIC (220dh) - 05.webp
CARTIER CLASSIC V2 (220dh),CARTIER,CLASSIC,220,,CARTIER CLASSIC V2 (220dh) - 01.webp | CARTIER CLASSIC V2 (220dh) - 02.webp | CARTIER CLASSIC V2 (220dh) - 03.webp | CARTIER CLASSIC V2 (220dh) - 04.webp
CARTIER CLASSIC V3 (220dh),CARTIER,CLASSIC,220,,CARTIER CLASSIC V3 (220dh) - 01.webp | CARTIER CLASSIC V3 (220dh) - 02.webp | CARTIER CLASSIC V3 (220dh) - 03.webp | CARTIER CLASSIC V3 (220dh) - 04.webp | CARTIER CLASSIC V3 (220dh) - 05.webp | CARTIER CLASSIC V3 (220dh) - 06.webp
CARTIER CLASSIC V4 (270dh),CARTIER,CLASSIC,270,,CARTIER CLASSIC V4 (270dh) - 01.webp | CARTIER CLASSIC V4 (270dh) - 02.webp | CARTIER CLASSIC V4 (270dh) - 03.webp | CARTIER CLASSIC V4 (270dh) - 04.webp | CARTIER CLASSIC V4 (270dh) - 05.webp | CARTIER CLASSIC V4 (270dh) - 06.webp
CARTIER B.B (280dh),CARTIER,B.B,280,,CARTIER B.B (280dh) - 01.webp | CARTIER B.B (280dh) - 02.webp | CARTIER B.B (280dh) - 03.webp | CARTIER B.B (280dh) - 04.webp
CARTIER BAIGNOIRE (200dh),CARTIER,BAIGNOIRE,200,,CARTIER BAIGNOIRE (200dh) - 01.webp | CARTIER BAIGNOIRE (200dh) - 02.webp | CARTIER BAIGNOIRE (200dh) - 03.webp | CARTIER BAIGNOIRE (200dh) - 04.webp | CARTIER BAIGNOIRE (200dh) - 05.webp | CARTIER BAIGNOIRE (200dh) - 06.webp | CARTIER BAIGNOIRE (200dh) - 07.webp | CARTIER BAIGNOIRE (200dh) - 08.webp | CARTIER BAIGNOIRE (200dh) - 09.webp | CARTIER BAIGNOIRE (200dh) - 10.webp
CARTIER PONTER V2 (190dh),CARTIER,PONTER,190,,CARTIER PONTER V2 (190dh) - 01.webp | CARTIER PONTER V2 (190dh) - 02.webp | CARTIER PONTER V2 (190dh) - 03.webp | CARTIER PONTER V2 (190dh) - 04.webp | CARTIER PONTER V2 (190dh) - 05.webp | CARTIER PONTER V2 (190dh) - 06.webp | CARTIER PONTER V2 (190dh) - 07.webp
CHANEL CLASSIC (190dh),CHANEL,CLASSIC,190,,CHANEL CLASSIC (190dh) - 01.webp | CHANEL CLASSIC (190dh) - 02.webp | CHANEL CLASSIC (190dh) - 03.webp
EMPORIO ARMANI CHRONOGRAPHE (280dh),EMPORIO ARMANI,CHRONOGRAPHE,280,CHRONOGRAPHE,EMPORIO ARMANI CHRONOGRAPHE (280dh) - 01.webp | EMPORIO ARMANI CHRONOGRAPHE (280dh) - 02.webp | EMPORIO ARMANI CHRONOGRAPHE (280dh) - 03.webp | EMPORIO ARMANI CHRONOGRAPHE (280dh) - 04.webp
EMPORIO ARMANI CLASSIC (220dh),EMPORIO ARMANI,CLASSIC,220,,EMPORIO ARMANI CLASSIC (220dh) - 01.webp | EMPORIO ARMANI CLASSIC (220dh) - 02.webp | EMPORIO ARMANI CLASSIC (220dh) - 03.webp
GUESS CLASSIC (220dh),GUESS,CLASSIC,220,,GUESS CLASSIC (220dh) - 01.webp | GUESS CLASSIC (220dh) - 02.webp | GUESS CLASSIC (220dh) - 03.webp | GUESS CLASSIC (220dh) - 04.webp
HANBORO CLASSIC (220dh),HANBORO,CLASSIC,220,,HANBORO CLASSIC (220dh) - 01.webp | HANBORO CLASSIC (220dh) - 02.webp | HANBORO CLASSIC (220dh) - 03.webp | HANBORO CLASSIC (220dh) - 04.webp | HANBORO CLASSIC (220dh) - 05.webp | HANBORO CLASSIC (220dh) - 06.webp | HANBORO CLASSIC (220dh) - 07.webp | HANBORO CLASSIC (220dh) - 08.webp | HANBORO CLASSIC (220dh) - 09.webp | HANBORO CLASSIC (220dh) - 10.webp | HANBORO CLASSIC (220dh) - 11.webp | HANBORO CLASSIC (220dh) - 12.webp | HANBORO CLASSIC (220dh) - 13.webp | HANBORO CLASSIC (220dh) - 14.webp | HANBORO CLASSIC (220dh) - 15.webp | HANBORO CLASSIC (220dh) - 16.webp | HANBORO CLASSIC (220dh) - 17.webp | HANBORO CLASSIC (220dh) - 18.webp | HANBORO CLASSIC (220dh) - 19.webp | HANBORO CLASSIC (220dh) - 20.webp | HANBORO CLASSIC (220dh) - 21.webp | HANBORO CLASSIC (220dh) - 22.webp | HANBORO CLASSIC (220dh) - 23.webp | HANBORO CLASSIC (220dh) - 24.webp | HANBORO CLASSIC (220dh) - 25.webp
HUBLOT CLASSIC (180dh),HUBLOT,CLASSIC,180,,HUBLOT CLASSIC (180dh) - 01.webp | HUBLOT CLASSIC (180dh) - 02.webp | HUBLOT CLASSIC (180dh) - 03.webp | HUBLOT CLASSIC (180dh) - 04.webp | HUBLOT CLASSIC (180dh) - 05.webp | HUBLOT CLASSIC (180dh) - 06.webp | HUBLOT CLASSIC (180dh) - 07.webp
HUBLOT CLASSIC V2 (180dh),HUBLOT,CLASSIC,180,,HUBLOT CLASSIC V2 (180dh) - 01.webp | HUBLOT CLASSIC V2 (180dh) - 02.webp | HUBLOT CLASSIC V2 (180dh) - 03.webp | HUBLOT CLASSIC V2 (180dh) - 04.webp | HUBLOT CLASSIC V2 (180dh) - 05.webp | HUBLOT CLASSIC V2 (180dh) - 06.webp | HUBLOT CLASSIC V2 (180dh) - 07.webp
IEKE CLASSIC (240dh),IEKE,CLASSIC,240,,IEKE CLASSIC (240dh) - 01.webp | IEKE CLASSIC (240dh) - 02.webp | IEKE CLASSIC (240dh) - 03.webp | IEKE CLASSIC (240dh) - 04.webp | IEKE CLASSIC (240dh) - 05.webp | IEKE CLASSIC (240dh) - 06.webp | IEKE CLASSIC (240dh) - 07.webp | IEKE CLASSIC (240dh) - 08.webp | IEKE CLASSIC (240dh) - 09.webp | IEKE CLASSIC (240dh) - 10.webp | IEKE CLASSIC (240dh) - 11.webp | IEKE CLASSIC (240dh) - 12.webp | IEKE CLASSIC (240dh) - 13.webp | IEKE CLASSIC (240dh) - 14.webp | IEKE CLASSIC (240dh) - 15.webp | IEKE CLASSIC (240dh) - 16.webp | IEKE CLASSIC (240dh) - 17.webp | IEKE CLASSIC (240dh) - 18.webp | IEKE CLASSIC (240dh) - 19.webp | IEKE CLASSIC (240dh) - 20.webp | IEKE CLASSIC (240dh) - 21.webp | IEKE CLASSIC (240dh) - 22.webp | IEKE CLASSIC (240dh) - 23.webp | IEKE CLASSIC (240dh) - 24.webp | IEKE CLASSIC (240dh) - 25.webp | IEKE CLASSIC (240dh) - 26.webp | IEKE CLASSIC (240dh) - 27.webp | IEKE CLASSIC (240dh) - 28.webp | IEKE CLASSIC (240dh) - 29.webp
MICHAEL KORS CLASSIC (220dh),MICHAEL KORS,CLASSIC,220,,MICHAEL KORS CLASSIC (220dh) - 01.webp | MICHAEL KORS CLASSIC (220dh) - 02.webp | MICHAEL KORS CLASSIC (220dh) - 03.webp
CARTIER CLASSIC V5 (210dh),CARTIER,CLASSIC,210,,CARTIER CLASSIC V5 (210dh) - 01.webp | CARTIER CLASSIC V5 (210dh) - 02.webp | CARTIER CLASSIC V5 (210dh) - 03.webp | CARTIER CLASSIC V5 (210dh) - 04.webp
ROLEX CLASSIC (220dh),ROLEX,CLASSIC,220,,ROLEX CLASSIC (220dh) - 01.webp | ROLEX CLASSIC (220dh) - 02.webp | ROLEX CLASSIC (220dh) - 03.webp | ROLEX CLASSIC (220dh) - 04.webp | ROLEX CLASSIC (220dh) - 05.webp | ROLEX CLASSIC (220dh) - 06.webp | ROLEX CLASSIC (220dh) - 07.webp | ROLEX CLASSIC (220dh) - 08.webp
OMEGA AUTOMATIQUE (300dh),OMEGA,AUTOMATIQUE,300,AUTOMATIQUE,OMEGA AUTOMATIQUE (300dh) - 01.webp | OMEGA AUTOMATIQUE (300dh) - 02.webp | OMEGA AUTOMATIQUE (300dh) - 03.webp | OMEGA AUTOMATIQUE (300dh) - 04.webp | OMEGA AUTOMATIQUE (300dh) - 05.webp | OMEGA AUTOMATIQUE (300dh) - 06.webp | OMEGA AUTOMATIQUE (300dh) - 07.webp
OMEGA CHRONOGRAPHE (290dh),OMEGA,CHRONOGRAPHE,290,CHRONOGRAPHE,OMEGA CHRONOGRAPHE (290dh) - 01.webp | OMEGA CHRONOGRAPHE (290dh) - 02.webp | OMEGA CHRONOGRAPHE (290dh) - 03.webp | OMEGA CHRONOGRAPHE (290dh) - 04.webp | OMEGA CHRONOGRAPHE (290dh) - 05.webp | OMEGA CHRONOGRAPHE (290dh) - 06.webp | OMEGA CHRONOGRAPHE (290dh) - 07.webp | OMEGA CHRONOGRAPHE (290dh) - 08.webp | OMEGA CHRONOGRAPHE (290dh) - 09.webp
PATEK PHILIPPE CLASSIC (180dh),PATEK PHILIPPE,CLASSIC,180,,PATEK PHILIPPE CLASSIC (180dh) - 01.webp | PATEK PHILIPPE CLASSIC (180dh) - 02.webp | PATEK PHILIPPE CLASSIC (180dh) - 03.webp | PATEK PHILIPPE CLASSIC (180dh) - 04.webp | PATEK PHILIPPE CLASSIC (180dh) - 05.webp
PATEK PHILIPPE AUTOMATIQUE (320dh),PATEK PHILIPPE,AUTOMATIQUE,320,AUTOMATIQUE,PATEK PHILIPPE AUTOMATIQUE (320dh) - 01.webp | PATEK PHILIPPE AUTOMATIQUE (320dh) - 02.webp | PATEK PHILIPPE AUTOMATIQUE (320dh) - 03.webp | PATEK PHILIPPE AUTOMATIQUE (320dh) - 04.webp
PATEK PHILIPPE CLASSIC V2 (220dh),PATEK PHILIPPE,CLASSIC,220,,PATEK PHILIPPE CLASSIC V2 (220dh) - 01.webp | PATEK PHILIPPE CLASSIC V2 (220dh) - 02.webp | PATEK PHILIPPE CLASSIC V2 (220dh) - 03.webp | PATEK PHILIPPE CLASSIC V2 (220dh) - 04.webp | PATEK PHILIPPE CLASSIC V2 (220dh) - 05.webp
PATEK PHILIPPE CLASSIC V3 (280dh),PATEK PHILIPPE,CLASSIC,280,,PATEK PHILIPPE CLASSIC V3 (280dh) - 01.webp | PATEK PHILIPPE CLASSIC V3 (280dh) - 02.webp | PATEK PHILIPPE CLASSIC V3 (280dh) - 03.webp | PATEK PHILIPPE CLASSIC V3 (280dh) - 04.webp | PATEK PHILIPPE CLASSIC V3 (280dh) - 05.webp | PATEK PHILIPPE CLASSIC V3 (280dh) - 06.webp
ROLEX DAYTONA CHRONOGRAPHE (300dh),ROLEX,DAYTONA CHRONOGRAPHE,300,CHRONOGRAPHE,ROLEX DAYTONA CHRONOGRAPHE (300dh) - 01.webp | ROLEX DAYTONA CHRONOGRAPHE (300dh) - 02.webp | ROLEX DAYTONA CHRONOGRAPHE (300dh) - 03.webp
ROLEX DATEJUST (200dh),ROLEX,DATEJUST,200,,ROLEX DATEJUST (200dh) - 01.webp | ROLEX DATEJUST (200dh) - 02.webp | ROLEX DATEJUST (200dh) - 03.webp | ROLEX DATEJUST (200dh) - 04.webp | ROLEX DATEJUST (200dh) - 05.webp
ROLEX GMT (210dh),ROLEX,GMT,210,,ROLEX GMT (210dh) - 01.webp | ROLEX GMT (210dh) - 02.webp | ROLEX GMT (210dh) - 03.webp | ROLEX GMT (210dh) - 04.webp | ROLEX GMT (210dh) - 05.webp | ROLEX GMT (210dh) - 06.webp
ROLEX LAND DWELLER (200dh),ROLEX,LAND DWELLER,200,,ROLEX LAND DWELLER (200dh) - 01.webp | ROLEX LAND DWELLER (200dh) - 02.webp | ROLEX LAND DWELLER (200dh) - 03.webp | ROLEX LAND DWELLER (200dh) - 04.webp | ROLEX LAND DWELLER (200dh) - 05.webp
ROLEX OYSTER (210dh),ROLEX,OYSTER,210,,ROLEX OYSTER (210dh) - 01.webp | ROLEX OYSTER (210dh) - 02.webp | ROLEX OYSTER (210dh) - 03.webp | ROLEX OYSTER (210dh) - 04.webp | ROLEX OYSTER (210dh) - 05.webp | ROLEX OYSTER (210dh) - 06.webp
ROLEX OYSTER V2 (210dh),ROLEX,OYSTER,210,,ROLEX OYSTER V2 (210dh) - 01.webp | ROLEX OYSTER V2 (210dh) - 02.webp | ROLEX OYSTER V2 (210dh) - 03.webp | ROLEX OYSTER V2 (210dh) - 04.webp | ROLEX OYSTER V2 (210dh) - 05.webp | ROLEX OYSTER V2 (210dh) - 06.webp | ROLEX OYSTER V2 (210dh) - 07.webp | ROLEX OYSTER V2 (210dh) - 08.webp | ROLEX OYSTER V2 (210dh) - 09.webp
ROLEX FEMME ACIER (200dh),ROLEX,FEMME ACIER,200,FEMME | ACIER,ROLEX FEMME ACIER (200dh) - 01.webp | ROLEX FEMME ACIER (200dh) - 02.webp | ROLEX FEMME ACIER (200dh) - 03.webp | ROLEX FEMME ACIER (200dh) - 04.webp | ROLEX FEMME ACIER (200dh) - 05.webp | ROLEX FEMME ACIER (200dh) - 06.webp | ROLEX FEMME ACIER (200dh) - 07.webp | ROLEX FEMME ACIER (200dh) - 08.webp
TISSOT CLASSIC (175dh),TISSOT,CLASSIC,175,,TISSOT CLASSIC (175dh) - 01.webp | TISSOT CLASSIC (175dh) - 02.webp | TISSOT CLASSIC (175dh) - 03.webp | TISSOT CLASSIC (175dh) - 04.webp | TISSOT CLASSIC (175dh) - 05.webp
TISSOT FEMME (200dh),TISSOT,FEMME,200,FEMME,TISSOT FEMME (200dh) - 01.webp | TISSOT FEMME (200dh) - 02.webp | TISSOT FEMME (200dh) - 03.webp
TOMMY HILFIGER CHRONOGRAPHE (290dh),TOMMY HILFIGER,CHRONOGRAPHE,290,CHRONOGRAPHE,TOMMY HILFIGER CHRONOGRAPHE (290dh) - 01.webp | TOMMY HILFIGER CHRONOGRAPHE (290dh) - 02.webp
